John|Kelly|jkelly|jkelly@gmail.com|rkelly
Melinda|Baker|mbaker|mbaker@aol.com|mbaker
Robert|Hines|rhines|rhines@comcast.net|rhines
Brandon|Wyatt|bwyatt|bwyatt@gmail.com|bwyatt
Jennifer|West|jwest|jwest@yahoo.com|jwest
Allison|Rodriguez|arod|arod@jlo.com|arod
Richard|Duran|rduran|rdura1123@gmail.com|rduran
Christine|Mccullough|cmuccullough|CMccul@gmail.com|cmuccullough
Marilyn|Johnson|mjohnson|mj@stamford.edu|mjohnson
Tyler|Carter|tcarter|tcarter@gmail.com|tcarter
Anjelica|Silva|asilva|asilva@gmail.com|testpw
Lucia|Racine|lracine|lucia@gmail.com|testpw2